,Area,value
0,8000,1266917.808219178
1,8500,1334811.6438356163
2,9000,1402705.4794520547
3,9500,1470599.3150684931
